ticker,name,sector,rating,rating_num,date,debt_to_equity,interest_coverage,current_ratio,net_margin,roa,debt_to_ebitda,log_assets
MSFT,Microsoft,Technology,AAA,0,2025-06-30,0.17639506345366093,53.89014675052411,1.3534464445042416,0.3614601524896707,0.16450970350709124,0.3782848937033684,11.7916927538348
JNJ,Johnson & Johnson,Healthcare,AAA,0,2024-12-29,0.512435305637152,29.336423841059602,1.1107291190556627,0.1583634500850024,0.07809932039266201,1.4783099955611154,11.255523358342224
AAPL,Apple,Technology,AA+,1,2025-09-27,1.3380304612588665,100.0,0.8932929222186667,0.2691506412181824,0.3117962593356549,0.6830924965553532,11.555385896641203
GOOGL,Alphabet,Technology,AA+,1,2024-12-31,0.07832129541903016,200.0,1.8369313974102914,0.28603671811164,0.22235794747876764,0.1880511691803182,11.653459508830892
GOOG,Alphabet Class C,Technology,AA+,1,2024-12-31,0.07832129541903016,200.0,1.8369313974102914,0.28603671811164,0.22235794747876764,0.1880511691803182,11.653459508830892
BRK-B,Berkshire Hathaway,Financials,AA,1,2024-12-31,0.22102567419398553,11.43,5.941609333752787,0.23959906631882466,0.0771266707745426,1.1175417150065015,12.062161022244155
WMT,Walmart,Consumer Staples,AA,1,2025-01-31,0.6604990495863229,10.758064516129032,0.8226828460200447,0.028541010448100913,0.07451796812397679,1.4309450130921209,11.416345885881407
AMZN,Amazon,Consumer Discretionary,AA,1,2024-12-31,0.45774032241144175,28.509143807148796,1.063734806137178,0.09287117197186653,0.09481288026449286,1.0572224690061787,11.79580635475318
XOM,Exxon Mobil,Energy,AA-,1,2024-12-31,0.15816916630325553,39.81124497991968,1.3084045685351386,0.09927869664285904,0.07427090798831247,0.5689459971900533,11.656553349474782
CVX,Chevron,Energy,AA-,1,2024-12-31,0.16111687390853346,48.98821548821549,1.0610249494268376,0.09131190089652248,0.06873642668659365,0.5357010325031106,11.40982833926003
UNH,UnitedHealth,Healthcare,AA-,1,2024-12-31,0.829976904314792,8.26600102406554,0.8266341585637329,0.03598748869535673,0.04829387350055988,2.7391366291494514,11.474621222416884
PG,Procter & Gamble,Consumer Staples,AA-,1,2025-06-30,0.6818234253633777,22.54796030871003,0.7041987908369849,0.1895258886621423,0.1275562760019484,1.4825049120020066,11.097711848542565
HD,Home Depot,Consumer Discretionary,AA-,1,2025-01-31,9.381024096385541,9.274450667815596,1.1054394473326123,0.09281943904610254,0.15403822345217907,2.448987615490466,10.982809243855323
META,Meta Platforms,Technology,AA-,1,2024-12-31,0.2686202686202686,97.03496503496504,2.9778842719371355,0.3790858414234564,0.22589783158367566,0.5647129241677794,11.440994044413458
V,Visa,Financials,AA-,1,2025-09-30,0.6639848057189586,40.73684210526316,1.0775507874914403,0.50145,0.20133096449757595,0.968003691881706,10.998377052900985
MA,Mastercard,Financials,AA-,1,2024-12-31,2.810485736314572,24.120743034055728,1.026222684703434,0.4570596797671033,0.26775649424928766,1.0850747157230458,10.681973491647877
LLY,Eli Lilly,Healthcare,AA-,1,2024-12-31,2.3706287300681366,22.420830130668715,1.1537569687700429,0.23511023983908602,0.13453615516249148,2.2094223646536553,10.896056948055287
ABBV,AbbVie,Healthcare,AA-,1,2024-12-31,20.403308270676693,3.2539173789173788,0.6601976825208392,0.0759399297049739,0.03165114197142667,4.550033534540577,11.130851396278912
COP,ConocoPhillips,Energy,AA-,1,2024-12-31,0.39119698746836223,11.537003610108304,1.2905806664467172,0.16879074196147367,0.07507737416517347,1.0377891504605936,11.08912762904428
MRK,Merck,Healthcare,AA-,1,2024-12-31,0.8263338587437653,15.909520062942565,1.3646023926812103,0.2667528986410672,0.1461667207487234,1.48875748852408,11.068579146994962
PFE,Pfizer,Healthcare,AA-,1,2024-12-31,0.7595319887078671,5.332578453574895,1.1712524712175834,0.1260471183617018,0.03758271007891432,3.6957577094941247,11.329186274534521
TMO,Thermo Fisher,Healthcare,AA-,1,2024-12-31,0.6609995159728945,4.632406287787183,1.6604410441044104,0.14774131859418363,0.06509386463353233,2.777542372881356,10.988206562776769
ABT,Abbott Labs,Healthcare,AA-,1,2024-12-31,0.3204724739845586,11.318407960199005,1.6709754891573074,0.3194755661501788,0.1646154224089223,1.4099132361085471,10.910699092849224
DHR,Danaher,Healthcare,AA-,1,2024-12-31,0.3460832004521325,18.64748201438849,1.3970285378052367,0.1633089005235602,0.05028242758762993,2.3565145684442,10.889536998344678
NVO,Novo Nordisk,Healthcare,AA-,1,2024-12-31,0.7163556026371911,78.25548780487804,0.7396611010996286,0.3477512284652707,0.21680782318401873,0.7482165734917308,11.668194822360826
NVDA,Nvidia,Technology,A+,2,2025-01-26,0.1294641168832806,200.0,4.439851498864077,0.5584802715771244,0.5,0.11922867060612745,11.04766808611174
KO,Coca-Cola,Consumer Staples,A+,2,2024-12-31,1.8399983907306083,6.033816425120773,1.0296249356410154,0.22589830220352308,0.1057295447990532,2.8915091357400264,11.002377755722005
PEP,PepsiCo,Consumer Staples,A+,2,2024-12-31,2.491436173161133,15.554951033732317,0.8189370877727042,0.10427530946185753,0.09629324298511063,2.694724220623501,10.997679019488992
COST,Costco,Consumer Staples,A+,2,2025-08-31,0.2802427650528048,67.42207792207792,1.0342783227336423,0.029425763438516175,0.10504675806430692,0.6100164203612479,10.887048745141769
ACN,Accenture,Technology,A+,2,2025-08-31,0.2623096332714717,44.7404957231301,1.4200349477501015,0.11020675921455172,0.11741639412628786,0.6323433747983662,10.815543860079494
NKE,Nike,Consumer Discretionary,A+,2,2025-05-31,0.8338757284492545,12.809688581314878,2.2110543251940187,0.06951132609212032,0.08800131222832773,2.4430155210643014,10.563231828520982
CSCO,Cisco,Technology,A+,2,2025-07-26,0.6328160023909656,7.382297551789077,0.9977754962354551,0.17968722420305716,0.08324406538502424,1.9276238782676551,11.087394496331772
TXN,Texas Instruments,Technology,A+,2,2024-12-31,0.804354256640833,10.757874015748031,4.124622563821027,0.3068218144619909,0.13514883550649132,1.8029439066436812,10.550338441927154
NEE,NextEra Energy,Utilities,A+,2,2024-12-31,1.6433404522863815,3.3463087248322148,0.4713468743837507,0.28061245101603843,0.0365302086839448,5.86709898097342,11.27908262578755
LIN,Linde,Materials,A+,2,2024-12-31,0.5935367006195527,15.026223776223777,0.8900577557755776,0.19890925617330707,0.08191198672439393,1.7497871681758377,10.903887270822045
BMY,Bristol-Myers Squibb,Healthcare,A+,2,2024-12-31,3.1343740434649527,4.96045197740113,1.2526289223521494,-0.18525879917184265,-0.09662753906460914,16.161616161616163,10.966625056469635
UNP,Union Pacific,Industrials,A+,2,2024-12-31,1.9220248667850799,7.654058313632782,0.7653216596878569,0.2782268041237113,0.0996381894705752,2.597455592894863,10.830684882801087
HON,Honeywell,Industrials,A+,2,2024-12-31,1.7307589021966807,7.438563327032136,1.3129469326307865,0.1481972152950956,0.07586839725517315,3.3550234252993234,10.876194739206925
RTX,RTX Corp,Industrials,A+,2,2024-12-31,0.7130294567457943,3.3857868020304567,0.9928930658847744,0.059129530084966186,0.029313340824383985,3.5262249260111806,11.211817097122351
SPGI,S&P Global,Financials,A+,2,2024-12-31,0.35987213124641876,18.78787878787879,0.8540362953692116,0.27111486486486486,0.0639643978014314,1.7605488344644438,10.779747962914968
MDT,Medtronic,Healthcare,A+,2,2025-04-30,0.5937864401132767,8.168724279835391,1.849056603773585,0.13901064495929868,0.050850785340314134,3.0935126925580385,10.962274604623314
BLK,BlackRock,Financials,A+,2,2024-12-31,0.2994420465312138,14.078066914498141,2.186854215507511,0.31209878963100895,0.045947408289146195,1.7329109296941636,11.141810229299901
SCHW,Charles Schwab,Financials,A+,2,2024-12-31,0.9330025839793281,1.2031909901454716,0.5428960336765688,0.2285472518173776,0.012383217010563871,4.945107921551441,11.681099163652558
ADP,ADP,Industrials,A+,2,2025-06-30,1.4649967679379443,11.870805001096732,1.0478193142643957,0.19842030261321245,0.07644282387065222,1.4523229734059597,10.727291506567294
CB,Chubb,Financials,A+,2,2024-12-31,0.2388122647256369,15.458839406207828,0.0,0.16512911843276937,0.03760728134075312,1.2212636792076044,11.391901483879986
MMC,Marsh McLennan,Financials,A+,2,2024-12-31,1.6385849198021287,8.31,1.1331591351572907,0.1659988551803091,0.07188257998264903,3.156511695062085,10.75190237732557
SYK,Stryker,Healthcare,A+,2,2024-12-31,0.6843074537171658,12.780303030303031,1.9494485294117647,0.13246293427749503,0.06965162551488213,2.8594572701498584,10.633175460489314
CI,Cigna,Healthcare,A+,2,2024-12-31,0.7791777349937855,6.562369337979094,0.8428913917107919,0.0138960266428187,0.022029625162784432,2.793290232395597,11.192793183193842
ZTS,Zoetis,Healthcare,A+,2,2024-12-31,1.4138364779874213,14.016528925619834,1.7543962485345839,0.2685825410544512,0.1746154386457821,1.7417355371900827,10.153418485037712
CRM,Salesforce,Technology,A,2,2025-01-31,0.18622594935674236,26.488970588235293,1.0624374553252323,0.16353080881382767,0.060207135084719414,1.022345867360675,11.012533534056294
INTC,Intel,Technology,A,2,2024-12-28,0.5037876498438602,-14.172330097087379,1.3268659227275277,-0.35321368712453627,-0.09545766852431484,41.57190357439734,11.293329401195502
MCD,McDonalds,Consumer Discretionary,A,2,2024-12-31,50.0,7.776892430278885,1.191142191142191,0.31724537037037037,0.1490159834728716,3.7244049326068254,10.741797436868486
CAT,Caterpillar,Industrials,A,2,2024-12-31,1.970601816222872,25.53125,1.4155304908279622,0.1665200820873644,0.12296613645686158,2.3948746726524504,10.94331640875922
DE,Deere,Industrials,A,2,2025-11-02,2.463815028901734,2.6548895899053626,2.307872438761362,0.11254897570804881,0.04742631797426318,5.485243651338367,11.02528947648453
GS,Goldman Sachs,Financials,A,2,2024-12-31,5.0570100659038,0.25084195743172305,0.9264155113556896,0.1125397113194012,0.008518042067528575,29.676030593102123,12.224266758717246
MS,Morgan Stanley,Financials,A,2,2024-12-31,3.449282850609027,0.3865213953079694,0.6595712456270597,0.12981724756410878,0.011019932168572865,15.840752295996836,12.084601655718128
AXP,American Express,Financials,A,2,2024-12-31,1.6881112873380915,1.5626514784294716,0.26471376090616866,0.13650759423727443,0.037312910510165366,3.506210966989225,11.433707444601053
PLD,Prologis,Real Estate,A,2,2024-12-31,0.5837609579245576,5.274024956526724,0.9169590258176784,0.45498810599382317,0.03914484115201612,4.181050256528442,10.979224622729582
TGT,Target,Consumer Discretionary,A,2,2025-02-01,1.3551752352379653,13.708029197080291,0.9353334294918025,0.03838935495373759,0.07081652789558414,2.290802213001383,10.761694849829093
ISRG,Intuitive Surgical,Healthcare,A,2,2024-12-31,0.008884183111533009,100.0,4.074371168280525,0.27808575088899795,0.12328941641098595,0.051940659575225014,10.275048624843988
VRTX,Vertex Pharma,Healthcare,A,2,2024-12-31,0.10661442082683308,-7.611111111111111,2.692139370476351,-0.04860209979945736,-0.023769371416398913,3.5975735142915894,10.352822871424538
REGN,Regeneron,Healthcare,A,2,2024-12-31,0.09213179984737818,72.29528985507247,4.731105646122252,0.3107027179270525,0.11686096707045134,0.5085370440015043,10.577025084705495
GILD,Gilead Sciences,Healthcare,A,2,2024-12-31,1.3818416968442835,1.7011258955987718,1.5972175941352882,0.01669332962370453,0.00813628273582507,6.024131709517365,10.770815205465428
NOW,ServiceNow,Technology,A,2,2024-12-31,0.2370694140909564,59.30434782608695,1.0991864082316343,0.12973415877640204,0.06991120051022912,1.0233602875112309,10.309268104477123
AMAT,Applied Materials,Technology,A,2,2025-10-26,0.3453343130051433,30.814126394052046,2.6104513064133017,0.24668640721940213,0.1927876801013802,0.7305699481865285,10.559894660836001
ADI,Analog Devices,Technology,A,2,2025-11-01,0.256229973277249,9.450188218408893,2.1899250755052453,0.20575338346110292,0.047243464799405374,1.7230410488015426,10.681175291990272
LRCX,Lam Research,Technology,A,2,2025-06-29,0.4823300312048154,33.113741070576815,2.210118102893768,0.29064525243589967,0.25102608260569326,0.7497242452642533,10.329301449178738
KLAC,KLA Corp,Technology,A,2,2025-06-30,1.297462542512413,17.344919679911044,2.618532990519593,0.33412215138297763,0.2527795435453213,1.1399778530987126,10.205959822943523
MU,Micron Technology,Technology,A,2,2025-08-28,0.28206406350964647,20.69182389937107,2.5179849834119086,0.22844989030980792,0.1031305103988019,0.8261951113995242,10.918019846453308
EOG,EOG Resources,Energy,A,2,2024-12-31,0.17263466321420054,58.56521739130435,2.0974971983563693,0.2738899820343913,0.1356970287797228,0.40653080872913994,10.673813163366331
SLB,Schlumberger,Energy,A,2,2024-12-31,0.5714150496923806,12.35546875,1.4495355553820934,0.12292981344208989,0.09116174517216716,1.4963440327178088,10.689619592654873
PXD,Pioneer Natural,Energy,A,2,2023-12-31,0.22692158301324933,-9.908450704225352,0.8759246805648958,0.252142046041086,0.13342255483025156,0.5654979565497956,10.563635315608282
APD,Air Products,Materials,A,2,2025-09-30,1.225046422937923,-4.098130841121495,1.3809794718627033,-0.03277313018700207,-0.00960800789098747,13.761644859813083,10.613413656467522
SHW,Sherwin-Williams,Materials,A,2,2024-12-31,2.940684241706161,8.720213259156235,0.7932204385565527,0.11608546009481135,0.11346191278149674,2.6524101079817433,10.373511504261936
ECL,Ecolab,Materials,A,2,2024-12-31,0.9458052139358021,7.719858156028369,1.2572400267067267,0.13419390905510312,0.09435496118421641,2.154148244473342,10.350011418509645
CME,CME Group,Financials,A,2,2024-12-31,0.1294224692206336,24.434431323803604,1.007033257455732,0.575161906004796,0.025652069524980538,0.6802802087674387,11.138135265113178
ICE,Intercontinental Exchange,Financials,A,2,2024-12-31,0.7488335081564004,4.735164835164835,0.9948857101381305,0.23416376158489924,0.019752130131680867,3.4079012345679014,11.14434999775337
PNC,PNC Financial,Financials,A,2,2024-12-31,1.1331740927882408,0.5620488940628638,0.1460638611982059,0.17477889238440078,0.010515357886429134,8.221970403946141,11.748217495989072
USB,US Bancorp,Financials,A,2,2024-12-31,1.2550786984874869,0.51433959810106,0.2831179389577522,0.14747611912343137,0.009286204995297191,8.309222423146474,11.831433341754618
TFC,Truist Financial,Financials,A,2,2024-12-31,0.9777948774321205,-0.05476082004555809,0.140391017463915,0.19865583639137427,0.009070439929514888,50.0,11.725238444178045
SO,Southern Company,Utilities,A,2,2024-12-31,1.9958142616237051,2.5767407947502736,0.6686675420496467,0.16468343062415805,0.030314092850254857,5.006571989726544,11.16190679206728
DUK,Duke Energy,Utilities,A,2,2024-12-31,1.7003152056816822,2.3421985815602837,0.6690086273699437,0.14856540501367066,0.0242026800040785,5.683136627325465,11.27031308306532
D,Dominion Energy,Utilities,A,2,2024-12-31,1.5319414376398928,1.7207207207207207,0.7119173215631392,0.14689812573483643,0.0207391495386418,6.223911747167561,11.01036356933654
AEP,American Electric Power,Utilities,A,2,2024-12-31,1.6984538186892717,2.5629609690444144,0.44497398015266004,0.1489769788868526,0.02878499776868003,5.654475362032324,11.013165983439302
EXC,Exelon,Utilities,A,2,2024-12-31,1.7328108168344416,2.2565308254963425,0.8723337842055977,0.1068264721208963,0.02282342462703184,5.706299694189602,11.03255429677432
SRE,Sempra Energy,Utilities,A,2,2024-12-31,1.1474297420139556,2.172678434382195,0.5461967755270773,0.22088446399629544,0.02976444282668608,6.127863247863248,10.982971872203734
WM,Waste Management,Industrials,A,2,2024-12-31,2.8962675714978188,6.938127090301004,0.7628635346756152,0.12446176857181707,0.061615096371754885,3.701982651796778,10.64901340080603
RSG,Republic Services,Industrials,A,2,2024-12-31,1.1360806663743972,5.861818181818182,0.5828488372093024,0.12743263473053892,0.06305166347756311,2.71863197650021,10.510571817680582
ITW,Illinois Tool Works,Industrials,A,2,2024-12-31,2.436067551266586,15.06713780918728,1.3593314763231197,0.2193986664989307,0.23149930311276298,1.5817505384766009,10.178026788270433
EMR,Emerson Electric,Industrials,A,2,2025-09-30,0.6783847746770535,9.443037974683545,0.8760845156680617,0.12727575488454707,0.05464207415880278,2.8310699588477366,10.62287687835687
ETN,Eaton Corp,Industrials,A,2,2024-12-31,0.5312094331458244,33.791666666666664,1.501972763141148,0.15250422059651098,0.09885099398139705,1.7440951873557096,10.584116285897737
ROK,Rockwell Automation,Industrials,A,2,2025-09-30,0.9980842911877394,9.121794871794872,1.135268505079826,0.10417166147206905,0.07745788394687583,2.6087267525035767,10.049954148022046
AMD,AMD,Technology,A-,2,2024-12-28,0.03842412451361868,20.652173913043477,2.6162615025408598,0.06364165212332752,0.02370496634212579,0.4206922784328642,10.84026923803762
QCOM,Qualcomm,Technology,A-,2,2025-09-28,0.6984344053569744,18.606927710843372,2.8164916885389326,0.1251241983560654,0.1105039586781804,0.9920959206912721,10.70021031375602
IBM,IBM,Technology,A-,2,2024-12-31,2.138499285897389,5.884345794392523,1.0404320801400035,0.0959794750848565,0.04390741753234919,4.795992115637319,11.137274968868116
BA,Boeing,Industrials,A-,2,2024-12-31,50.0,-3.9592660550458714,1.318506767753765,-0.17765116209146398,-0.0755741447784962,5.430910931376971,11.194133994268185
GE,General Electric,Industrials,A-,2,2024-12-31,1.0535621962568504,6.856997971602434,1.094295184926727,0.16939693039119424,0.05213062873227789,2.081511746680286,11.099545982041032
LMT,Lockheed Martin,Industrials,A-,2,2024-12-31,3.3819674719722093,6.769305019305019,1.1250772399588054,0.07510944076122912,0.09594188827157164,2.4294464609800364,10.745207559167046
NOC,Northrop Grumman,Industrials,A-,2,2024-12-31,1.203139306736429,7.037037037037037,1.0103340883352208,0.10172300343625862,0.08456411191474705,2.689866939611054,10.693366352425485
GD,General Dynamics,Industrials,A-,2,2024-12-31,0.4838870507183973,12.20356234096692,1.3681552962298025,0.0792606253667533,0.067680744452398,1.8346794981955663,10.747256397442145
UPS,UPS,Industrials,A-,2,2024-12-31,1.5343940662758704,10.087108013937282,1.174502767471565,0.0636125596849077,0.08251748251748252,2.1534586971121557,10.845532117493576
DIS,Walt Disney,Communication,A-,2,2025-09-27,0.4084591650055976,7.63355408388521,0.7103506820443768,0.1313635160180037,0.06280061160221553,2.3445483517057624,11.29559788430303
CMCSA,Comcast,Communication,A-,2,2024-12-31,1.1581697054698457,5.635703918722787,0.6771178090497966,0.1308645367773638,0.0608239328953349,2.634891512444161,11.425225996820851
TMUS,T-Mobile,Communication,A-,2,2024-12-31,1.852966424256167,5.279976546467312,0.9122633092098741,0.1392997542997543,0.05450525152017689,3.6854584111848463,11.318136407213425
CL,Colgate-Palmolive,Consumer Staples,A-,2,2024-12-31,40.15094339622642,15.01027397260274,0.9232505643340858,0.14372419282622756,0.1800448709958868,1.7539666185864413,10.205366787866476
EL,Estee Lauder,Consumer Staples,A-,2,2025-06-30,2.4421733505821477,2.371287128712871,1.3006439742410303,-0.0792973124300112,-0.05695757088276694,48.90673575129534,10.298678450560187
KMB,Kimberly-Clark,Consumer Staples,A-,2,2024-12-31,9.423809523809524,11.88888888888889,0.7966876070816676,0.12688204207797388,0.15381361054031187,1.9899446958270488,10.218693019991356
GIS,General Mills,Consumer Staples,A-,2,2025-05-25,1.6628293764675188,6.016384489350082,0.6714392984867575,0.11778350250941673,0.06940198541929359,3.899434077699602,10.519448640513493
K,Kellogg,Consumer Staples,A-,2,2024-12-28,1.68,5.290960451977401,0.8055793991416309,0.10534159541924856,0.08593550038392629,2.7195540308747854,10.193903402552747
HSY,Hershey,Consumer Staples,A-,2,2024-12-31,1.1554514923046315,16.626215458044825,0.9567277729072057,0.19828484655287953,0.17156583360244618,1.7552891759905243,10.11216448535726
MKC,McCormick,Consumer Staples,A-,2,2024-11-30,0.8521073521073521,5.063514804202483,0.7419869571250174,0.1172717402620581,0.06032761298516484,3.424610710216483,10.116285555969933
STZ,Constellation Brands,Consumer Staples,A-,2,2025-02-28,1.7601714617843651,8.796791443850267,0.9209952418715305,-0.007974216048354705,-0.0037594158588233123,15.478533094812164,10.335504035758852
TAP,Molson Coors,Consumer Staples,A-,2,2024-12-31,0.47300724084201523,6.277121374865736,0.9353737028766583,0.09653392964651243,0.04306273331721934,2.4332246277160032,10.416046065721138
SYY,Sysco,Consumer Staples,A-,2,2025-06-28,7.920218579234973,4.862992125984252,1.2069382815651473,0.02246528204497972,0.06827519235078808,3.504352030947776,10.427713259052272
HCA,HCA Healthcare,Healthcare,A-,2,2024-12-31,50.0,5.11741872877244,1.0815049087434934,0.08158293556931008,0.09678557626064893,3.2553972366148534,10.774611843234153
HUM,Humana,Healthcare,A-,2,2024-12-31,0.6805496183206107,2.6075757575757574,0.0,0.01024957328827031,0.025968717055014093,3.3275604658106896,10.667256775596693
CVS,CVS Health,Healthcare,A-,2,2024-12-31,1.0974060349391213,2.878972278566599,0.811320308714203,0.012376310657736266,0.01822166933238552,6.060074545055909,11.403489428929337
MCK,McKesson,Healthcare,A-,2,2025-03-31,50.0,17.078125,0.8992597883254334,0.00917696928848548,0.0438514772424807,1.4073509807655684,10.875871190727366
CAH,Cardinal Health,Healthcare,A-,2,2025-06-30,50.0,10.581395348837209,0.9351106769159575,0.007013271751925168,0.02938518881066225,3.008692852543464,10.725274417501014
EW,Edwards Lifesciences,Healthcare,A-,2,2024-12-31,0.07001120179228676,69.63131313131314,4.175790592612278,0.7674602445077673,0.3197628549324795,0.40624455922465325,10.115786856001751
IDXX,IDEXX Labs,Healthcare,A-,2,2024-12-31,0.6186547718222066,36.158852747957056,1.3108680832574846,0.22780399968800547,0.2695862658014728,0.773567218459995,9.517650151457604
IQV,IQVIA Holdings,Healthcare,A-,2,2024-12-31,2.3332783912971813,3.2865671641791043,0.8378611470461406,0.08912690684842584,0.051042789694784194,4.099623515783377,10.429736134926033
AMT,American Tower,Real Estate,A-,2,2024-12-31,12.995712849624505,3.215735137059452,0.4492622533778054,0.2226676672722964,0.036920366616784606,6.143903495897457,10.785880541323376
CCI,Crown Castle,Real Estate,A-,2,2024-12-31,50.0,-3.2644444444444445,0.5006890215893431,-0.5942448233861145,-0.11922653958944282,30.057856272838002,10.515025612032066
EQIX,Equinix,Real Estate,A-,2,2024-12-31,1.4016114725014783,2.9059080962800876,1.626455658405494,0.09316415180612711,0.023229300270770983,5.510316768381284,10.545121480864834
PSA,Public Storage,Real Estate,A-,2,2024-12-31,0.9629788338989557,7.658887756131676,0.7605907712393413,0.4412650012266761,0.10488574651780665,2.667535021786834,10.295675583069164
SBAC,SBA Communications,Real Estate,A-,2,2024-12-31,50.0,100.0,1.100550853867991,0.2797158119355106,0.0656489394723953,8.779878300215092,10.057564782065194
DLR,Digital Realty,Real Estate,A-,2,2024-12-31,0.8438735230651988,1.0420196274147815,1.1085971725811534,0.10845967069477268,0.013304812053878384,6.279760925055445,10.655941098969626
O,Realty Income,Real Estate,A-,2,2024-12-31,0.6888937074264655,100.0,1.6757956732452994,0.16329895874556216,0.012504852361600318,6.18277649277097,10.837809562809467
SPG,Simon Property,Real Estate,A-,2,2024-12-31,8.424680438828318,3.4144471664180824,0.833192943434259,0.39754800548241237,0.07316295153218612,4.939232645421698,10.510621286529409
WELL,Welltower,Real Estate,A-,2,2024-12-31,0.5244162886910737,1.9950823754355598,5.2774536765634545,0.12117727141809036,0.018644194373249216,6.0317960102737755,10.70794732052648
AVB,AvalonBay,Real Estate,A-,2,2024-12-31,0.6909360550944587,4.041458323219573,0.35787400255934393,0.3713398200330364,0.05152171564264626,3.8266668583742027,10.322234536134717
EQR,Equity Residential,Real Estate,A-,2,2024-12-31,0.7629676510426853,6.383152221463944,0.16331870426717351,0.34758169838140096,0.04971787701131065,4.58358780660539,10.318776328612365
VTR,Ventas,Real Estate,A-,2,2024-12-31,1.2756673843476352,1.130043876019143,1.0358376239869893,0.016480222636226394,0.003098991534165968,7.094839306303464,10.418084189280375
ORCL,Oracle,Technology,BBB+,3,2025-05-31,5.090411226834874,4.940749021799888,0.7529638819961401,0.21678078015296434,0.07390666484518386,4.353629976580796,11.2262414966269
SBUX,Starbucks,Consumer Discretionary,BBB+,3,2025-09-28,50.0,6.599336527828972,0.7230177074355559,0.049924161745248004,0.05797680802755804,4.947478991596639,10.505417258596557
LOW,Lowes,Consumer Discretionary,BBB+,3,2025-01-31,50.0,6.8835942818243705,1.0853548008743403,0.08314410689102947,0.15608103560451395,3.1505478799428297,10.649071865398701
MMM,3M,Industrials,BBB+,3,2024-12-31,3.5551795939614785,4.171742808798647,1.4111584932480454,0.16980671414038656,0.10467041236079061,1.8905190311418685,10.600624449588905
VZ,Verizon,Communication,BBB+,3,2024-12-31,1.6965144049094592,4.600030061626334,0.6256349292121474,0.12987803068522422,0.045504287634094163,3.5425679656594564,11.585134604219482
JPM,JPMorgan Chase,Financials,BBB+,3,2024-12-31,2.1787630743884114,0.7408090774543661,0.29977712671048506,0.215928268873551,0.014607473642292647,9.04788060564449,12.602365410077528
BAC,Bank of America,Financials,BBB+,3,2024-12-31,2.2277379474148984,0.32308083094967255,0.304475375427582,0.1409937952752632,0.008318823223166873,20.940368285468942,12.513419912851186
WFC,Wells Fargo,Financials,BBB+,3,2024-12-31,1.573715944618133,0.5420755898935059,0.27408973328560526,0.15727648986817866,0.010219473584666126,9.11596921285816,12.285522429034753
C,Citigroup,Financials,BBB+,3,2024-12-31,2.831091381508931,0.1902073244214332,0.3070941439967788,0.07429103668859507,0.005389841241507982,27.65182375801845,12.371611775677648
MDLZ,Mondelez,Consumer Staples,BBB+,3,2024-12-31,0.6821624832912521,12.490157480314961,0.6773748017801422,0.12653330040339178,0.06731681679489612,2.2762978565233554,10.835671550879624
PM,Philip Morris,Consumer Staples,BBB+,3,2024-12-31,50.0,7.601815087918321,0.8802094697796203,0.1857014625904219,0.1138482455004532,2.9014540605752748,10.790876021830314
MO,Altria,Consumer Staples,BBB+,3,2024-12-31,50.0,10.000889679715302,0.513950575105341,0.5509684993152025,0.3202092276203201,1.6542341385718078,10.546258798765528
KHC,Kraft Heinz,Consumer Staples,BBB+,3,2024-12-28,0.4039646233607807,1.8453947368421053,1.0554253412381083,0.1061672986148727,0.03108045352090342,7.315537555228277,10.945896759705427
ADM,Archer-Daniels,Consumer Staples,BBB+,3,2024-12-31,0.5204799711295561,2.9348441926345608,1.3902096499147356,0.02104524728165556,0.0337894914681534,2.8127742564602634,10.726490849411178
BG,Bunge,Consumer Staples,BBB+,3,2024-12-31,0.7181478866135378,3.43312101910828,2.1463349024882312,0.021409203886420126,0.0456644845174505,2.8903775883069427,10.396181905200038
YUM,Yum! Brands,Consumer Discretionary,BBB+,3,2024-12-31,50.0,4.914110429447852,1.4743892828999212,0.19684726453834944,0.22090084733164858,4.79173166926677,9.827821427682801
CMG,Chipotle,Consumer Discretionary,BBB+,3,2024-12-31,1.2421175933772957,100.0,1.5234734352754353,0.13559571615434635,0.16667184536395413,1.9569866335317205,9.96399425698012
DPZ,Dominos Pizza,Consumer Discretionary,BBB+,3,2024-12-29,50.0,4.487665288201358,0.5614259436811534,0.12412204955957995,0.33630721243882455,5.167183493617626,9.239803068767845
DG,Dollar General,Consumer Discretionary,BBB+,3,2025-01-31,2.3555537061283918,6.24844706911636,1.1885688154763447,0.02770719162279573,0.036143726925612345,6.502172369485628,10.49321724707892
DLTR,Dollar Tree,Consumer Discretionary,BBB+,3,2025-02-01,1.96877357067431,13.6,1.0607158247824922,-0.17237534488153142,-0.1625241364514053,3.880376610505451,10.270539094260547
ROST,Ross Stores,Consumer Discretionary,BBB+,3,2025-01-31,1.0314445213865184,40.79047754271381,1.6171126114772647,0.098949705618556,0.14026725469784906,1.7391664567602467,10.173341653911903
TJX,TJX Companies,Consumer Discretionary,BBB+,3,2025-01-31,1.5224591921839628,82.92105263157895,1.180141715116279,0.08630234208658623,0.15320167564332735,1.6674931488972986,10.50173005084622
ORLY,OReilly Automotive,Consumer Discretionary,BBB+,3,2024-12-31,50.0,14.611036720168233,0.7050028943062145,0.1428424454434183,0.1602471803424002,2.1238346975898135,10.173003797254845
AZO,AutoZone,Consumer Discretionary,BBB+,3,2025-08-30,50.0,7.416157897764156,0.8762507751278784,0.13191215645706095,0.1290728587131892,2.909723667558138,10.286800445623168
BBY,Best Buy,Consumer Discretionary,BBB+,3,2025-02-01,1.4433760683760684,33.745098039215684,1.0259481037924152,0.0223222885763822,0.06271140576376674,1.8322784810126582,10.169733197942518
EBAY,eBay,Consumer Discretionary,BBB+,3,2024-12-31,1.5244280728964714,8.94980694980695,1.2408986552968186,0.19206457259554605,0.10198812290214304,2.7483397413491786,10.2870175013221
BKNG,Booking Holdings,Consumer Discretionary,BBB+,3,2024-12-31,50.0,5.833976833976834,1.3095801112034255,0.24777791819368972,0.2122852605745633,1.829192546583851,10.4426051789648
EXPE,Expedia,Consumer Discretionary,BBB+,3,2024-12-31,4.194605009633912,5.361788617886178,0.7211079274116523,0.09013220363742605,0.05511881365016973,2.487052551408987,10.350015298234693
MAR,Marriott,Consumer Discretionary,BBB+,3,2024-12-31,50.0,5.420143884892086,0.40293675569429993,0.0946215139442231,0.09071117561683599,3.5133702166897187,10.418002818524435
HLT,Hilton,Consumer Discretionary,BBB+,3,2024-12-31,50.0,4.1652021089630935,0.6961702127659575,0.1373724718095579,0.09290642779324537,4.805044035228183,10.218062617826375
H,Hyatt Hotels,Consumer Discretionary,BBB+,3,2024-12-31,1.1446292641669016,100.0,0.8347587049480758,0.3932038834951456,0.09726808766136295,5.420560747663552,10.124634624019139
WH,Wyndham Hotels,Consumer Discretionary,BBB+,3,2024-12-31,3.793846153846154,3.8372093023255816,1.002145922746781,0.20525568181818182,0.06843476201752309,4.341549295774648,9.625621081424908
NSC,Norfolk Southern,Industrials,BBB+,3,2024-12-31,1.2217251502865931,4.664188351920694,0.8992947813822285,0.21628309824300915,0.06002472414266746,3.1841865549280377,10.640302514519922
CSX,CSX Corp,Industrials,BBB+,3,2024-12-31,1.5188769796832506,6.449519230769231,0.8608058608058609,0.23865199449793673,0.08114301749134786,2.6847165276403224,10.631078320874444
FDX,FedEx,Industrials,BBB+,3,2025-05-31,1.3327634109852533,7.7084917617237005,1.193043929660632,0.04653913518185747,0.046697935567804445,3.56546598056032,10.942637943431793
J,Jacobs Solutions,Industrials,BBB+,3,2025-09-26,0.7443011947625897,5.9239032019096225,1.300940135766551,0.024127451010546076,0.025794009971975205,2.9237560703507937,10.051250372446617
PH,Parker Hannifin,Industrials,BBB+,3,2025-06-30,0.693319690103786,9.926650366748166,1.1943632926619694,0.17788413098236777,0.11971926493524107,1.749216300940439,10.469733675913059
DOV,Dover Corp,Industrials,BBB+,3,2024-12-31,0.4535454147514609,9.196811795290117,2.04163071976807,0.3482000627686176,0.21561207946816574,1.4168517121744595,10.097228147454166
SWK,Stanley Black Decker,Industrials,BBB+,3,2024-12-28,0.7562930767554674,2.707180104292018,1.2970977648518376,0.018632408546307686,0.01310363450791573,4.984354924042022,10.339429576960647
IR,Ingersoll Rand,Industrials,BBB+,3,2024-12-31,0.4892622065035858,6.098030018761726,2.289020836769476,0.11590877677954388,0.04656353762951282,2.724398249452954,10.255508889977852
XYL,Xylem,Industrials,BBB+,3,2024-12-31,0.19968051118210864,22.931818181818183,1.7525684931506849,0.10394767577668769,0.053962287030861575,1.2551683402244536,10.217299658976495
PCAR,PACCAR,Industrials,BBB+,3,2024-12-31,0.9079277313516385,157.3118971061093,2.6372762177915527,0.12363428965238624,0.09585687338923833,2.73612999845076,10.637678816585431
CMI,Cummins,Industrials,BBB+,3,2024-12-31,0.7397527017817155,10.135135135135135,1.3131564892291259,0.1157116884640197,0.12511097019657577,1.1988008835594826,10.498861688992884
AVGO,Broadcom,Technology,BBB+,3,2025-11-02,0.8012596565467697,7.938940809968847,1.7053581073782003,0.3619828760154648,0.13516704463095877,1.876361122313764,11.233229703070721
NXPI,NXP Semiconductors,Technology,BBB+,3,2024-12-31,1.1819666775563542,8.585427135678392,2.357972885732731,0.19898525447915016,0.10293213040803773,2.4545454545454546,10.387122759927585
MCHP,Microchip Technology,Technology,BBB+,3,2025-03-31,0.8004888179365102,1.1785998408910103,2.589645918102329,-0.00011359505634314795,-3.252117128250491e-05,5.446078431372549,10.186803825582249
SNPS,Synopsys,Technology,BBB+,3,2025-10-31,0.5045756432189353,2.048058218741116,1.61507365760697,0.18955447395855335,0.027727650496705395,5.46055928122758,10.683267382276856
CDNS,Cadence Design,Technology,BBB+,3,2024-12-31,0.5531256780137188,17.77343122935828,2.9312198700099628,0.22741304954857125,0.1176094620280034,1.5508908210960546,9.953009390839895
FTNT,Fortinet,Technology,BBB+,3,2024-12-31,0.6656178872673718,90.17,1.470559263181225,0.2930252862755633,0.1787546988149256,0.4516876391223368,9.98958773765944
PANW,Palo Alto Networks,Technology,BBB+,3,2025-07-31,0.043223761566382086,200.0,0.8892463695543315,0.12296264165265955,0.04809511286806186,0.17424008243173622,10.372473807034606
ADSK,Autodesk,Technology,BBB+,3,2025-01-31,0.9763449065242273,100.0,0.6759852455833819,0.18137334855651607,0.10264931228653189,1.6520335700451905,10.034748743146489
INTU,Intuit,Technology,BBB+,3,2025-07-31,0.33683409436834094,19.931174089068826,1.3603664416586307,0.2054590834262652,0.10468640077926294,1.127164685908319,10.56770846112855
ANSS,ANSYS,Technology,BBB+,3,2024-12-31,0.13819967008629017,15.00319755898765,3.00843724500204,0.22622208582255093,0.07150182371307659,0.9258000856301022,9.905873075420313
MSCI,MSCI,Financials,BBB+,3,2024-12-31,50.0,8.23998921832884,0.8476130353784621,0.3883327357877518,0.20368018078983163,2.6499542605222253,9.736032897423701
MCO,Moodys Corp,Financials,BBB+,3,2024-12-31,2.172791023842917,14.563725490196079,1.4342507645259939,0.2903498871331828,0.1327313769751693,2.3233353329334134,10.190471770573346
NDAQ,Nasdaq,Financials,BBB+,3,2024-12-31,0.8817800017871504,100.0,0.985320172108327,0.15094594594594596,0.03674946537259418,4.0113821138211385,10.48280214772046
CBOE,Cboe Global,Financials,BBB+,3,2024-12-31,0.37370314982708663,21.328155339805825,1.776877866972477,0.18681157650506777,0.09820133263149786,1.2609792635811716,9.891487279544926
FIS,Fidelity National,Financials,BBB+,3,2024-12-31,0.7351891960759332,4.868945868945869,0.8510009845749918,0.14318159375925743,0.04291972531375799,3.409453471196455,10.528711068416852
FISV,Fiserv,Financials,BBB+,3,2024-12-31,0.9219742869809369,4.748788368336026,1.0595748521911812,0.15306022682831444,0.040569607131750805,2.823396311799977,10.887482265516208
GPN,Global Payments,Financials,BBB+,3,2024-12-31,0.7547066100208943,3.6049234525683533,0.9654479638761664,0.15539100251793656,0.03349022094249647,3.720640134740986,10.67108259453863
PYPL,PayPal,Financials,BBB+,3,2024-12-31,0.4838614879757065,13.93979057591623,1.2628576153464528,0.13042110890964556,0.05081422847410275,1.4650748924810915,10.911748699407472
AIG,AIG,Financials,BBB+,3,2024-12-31,0.20982573316714095,8.367965367965368,0.0,-0.05148514851485148,-0.00870309071298397,1.125236473704124,11.207693597563077
MET,MetLife,Financials,BBB+,3,2024-12-31,0.6819092730916378,5.421407907425265,0.0,0.06328371866912595,0.006533255985250725,2.538315475383155,11.830881734593861
PRU,Prudential,Financials,BBB+,3,2024-12-31,0.7738949483352469,100.0,0.0,0.038585072515033604,0.0037072433308364613,6.005011135857461,11.866634045364634
AFL,Aflac,Financials,BBB+,3,2024-12-31,0.28730170894321405,32.5736040609137,0.0,0.28455667084901715,0.04629739890784751,1.168458781362007,11.070281742255945
ALL,Allstate,Financials,BBB+,3,2024-12-31,0.3770637067437739,14.4025,10.0,0.07347870581752342,0.04181262710877375,1.2038415723645026,11.047730345532775
TRV,Travelers,Financials,BBB+,3,2024-12-31,0.28829313809933965,15.76530612244898,10.0,0.10767209442577755,0.03753312961280586,1.1023740908467132,11.124468358193365
PGR,Progressive,Financials,BBB+,3,2024-12-31,0.26935250674065103,38.39784946236559,10.0,0.11255192917722948,0.08019291692278595,0.6112983327421071,11.02425984154357
HIG,Hartford Financial,Financials,BBB+,3,2024-12-31,0.2654587462759166,19.34170854271357,10.0,0.11791237113402062,0.03844680351471261,1.0382877526753864,10.908039772917382
DD,DuPont,Materials,BBB+,3,2024-12-31,0.3071092077087794,4.997267759562842,1.325557175588419,0.05675762958178589,0.01918877606725625,2.6057412790697674,10.563908050346287
DOW,Dow Inc,Materials,BBB+,3,2024-12-31,1.0167098818784213,2.7229551451187337,1.6125583203732503,0.02597523508053254,0.019472361809045227,3.3596725057121097,10.758245564168938
NEM,Newmont,Materials,BBB+,3,2024-12-31,0.29978615343491044,14.92987012987013,1.6273366034734191,0.1804170932801638,0.05941542884523239,1.140605136028477,10.750886213224442
FCX,Freeport-McMoRan,Materials,BBB+,3,2024-12-31,0.5538934076559923,21.517241379310345,2.4192139737991267,0.0739736790414457,0.034331242707117855,1.0286257526143445,10.739160795907086
PPG,PPG Industries,Materials,BBB+,3,2024-12-31,0.9425202652910832,9.489626556016598,1.3077383326685281,0.07043231303250237,0.05742808624504708,2.473887814313346,10.288539850670457
IFF,IFF,Materials,BBB+,3,2024-12-31,0.6933554338426059,2.5114754098360654,1.8446803600276944,0.02115987460815047,0.008476645620399762,6.020650813516896,10.457382246430381
ALB,Albemarle,Materials,BBB+,3,2024-12-31,0.362964697043633,-10.726698023777464,1.953893892794376,-0.21932929752454938,-0.07100986902251817,4.482456554680845,10.220360454909322
VMC,Vulcan Materials,Materials,BBB+,3,2024-12-31,0.7179562978838716,7.1365062761506275,1.828504559761117,0.12293568087142914,0.05331252046209251,2.9426494345718903,10.23311800050856
MLM,Martin Marietta,Materials,BBB+,3,2024-12-31,0.6139849783137629,16.01775147928994,2.501968503937008,0.30523255813953487,0.10979636763896533,1.7387657279808268,10.259354927308035
NUE,Nucor,Materials,BBB+,3,2024-12-31,0.3424657534246575,13.06578947368421,2.5065300381756077,0.06595301620355307,0.059723040659988215,1.5492643780650914,10.530711837981658
STLD,Steel Dynamics,Materials,BBB+,3,2024-12-31,0.3744382735857937,34.48341526611887,2.5255188941789273,0.08763396937012233,0.10291998792385763,1.3284986706431545,10.17421200228832
WRB,WR Berkley,Financials,BBB+,3,2024-12-31,0.33840719914245326,17.843720204559244,0.0,0.12875921491937092,0.04328896390065015,1.2792753118073887,10.60817576115575
MTB,M&T Bank,Financials,BBB+,3,2024-12-31,0.47076859475660593,0.7930043124101581,0.21787795627640222,0.19306229019022753,0.012436029888758079,3.5790990047145104,11.318282514840762
KEY,KeyCorp,Financials,BBB+,3,2024-12-31,0.7839458626760564,-0.06563706563706563,0.16599957868127238,-0.01778023191606847,-0.0008601897760300906,10.490704951224002,11.272231599683229
FITB,Fifth Third,Financials,BBB+,3,2024-12-31,0.9657419190633749,0.6080066722268557,0.3816751703153816,0.1773315962909035,0.010867574332987361,5.562005277044855,11.328230735217238
RF,Regions Financial,Financials,BBB+,3,2024-12-31,0.36316348789082165,1.027947598253275,0.27108654754377337,0.20196308545823108,0.012034176297822025,2.5992794235388312,11.196734244450635
HBAN,Huntington Bancshares,Financials,BBB+,3,2024-12-31,0.839564336372847,0.5251311188811189,0.15274797567738724,0.1621937965053089,0.009499094158546736,5.478677685950413,11.31011953734681
CFG,Citizens Financial,Financials,BBB+,3,2024-12-31,0.5112971056320607,0.41467164506918514,0.25387522346179087,0.1222159228962501,0.006937261229950212,5.197401508801341,11.3375011911475
GM,General Motors,Consumer Discretionary,BBB,3,2024-12-31,2.0721239218670724,15.11111111111111,1.127564535397081,0.03205258159857449,0.02147547370791497,6.007768686218626,11.446787171680748
T,AT&T,Communication,BBB,3,2024-12-31,1.35019928716514,3.5968865826538177,0.6649598907663424,0.08949123724823436,0.027730847655112148,3.20112214069918,11.596371643779362
NFLX,Netflix,Communication,BBB,3,2024-12-31,0.7272586850553924,14.494414476585881,1.2180280603231866,0.22336962115246067,0.16243837866952038,0.6838341784654359,10.729410825595734
LUV,Southwest Airlines,Industrials,BBB,3,2024-12-31,0.7785507246376812,1.5,0.918377321603128,0.016919550267438053,0.013777777777777778,3.2636695018226,10.528273777167044
HPQ,HP Inc,Technology,BBB,3,2025-10-31,50.0,7.16205533596838,0.7674140406042792,0.04573650420472014,0.06054729584141349,2.6606356968215157,10.620854077858354
HPE,HP Enterprise,Technology,BBB,3,2025-10-31,0.9059057031756319,9.394285714285715,1.0142433956904597,0.001662001399580126,0.0007509287803335704,8.513513513513514,10.880276106118169
WDC,Western Digital,Technology,BBB,3,2025-06-27,0.9566936546789682,6.53781512605042,1.080841638981174,0.19548319327731092,0.13290958434509356,2.621775025799794,10.146190073315926
STX,Seagate,Technology,BBB,3,2025-06-27,50.0,5.88785046728972,1.3795317220543806,0.16148180718918326,0.18309859154929578,2.576978417266187,9.904336792202495
NTAP,NetApp,Technology,BBB,3,2025-04-30,3.356730769230769,20.890625,1.255040755040755,0.18046256847230677,0.10958144691859928,2.065680473372781,10.034347658446848
JNPR,Juniper Networks,Technology,BBB,3,2024-12-31,0.3659127962877806,3.5891758917589174,1.4555639666919,0.05674471775465153,0.028766986410871304,3.264826557254756,10.000347296685364
CTSH,Cognizant,Technology,BBB,3,2024-12-31,0.10431704608550806,53.55555555555556,2.093165969316597,0.11349817592217268,0.11219072423119303,0.42529711375212226,10.300291066777081
DXC,DXC Technology,Technology,BBB,3,2025-03-31,1.4081759058532053,2.6339622641509433,1.2158240761732033,0.03022298189728848,0.029458538432411967,2.0593297101449277,10.120738405542943
LDOS,Leidos,Technology,BBB,3,2025-01-03,1.1992293744333635,9.466321243523316,1.2118226600985222,0.07526107310046813,0.09569597069597069,2.4934024505183787,10.117403884416344
SAIC,SAIC,Technology,BBB,3,2025-01-31,1.5174381737476221,4.468253968253968,0.826647564469914,0.048402192806524934,0.06900495615707206,3.4481268011527377,9.719828286254335
BAX,Baxter International,Healthcare,BBB,3,2024-12-31,1.931217690982194,0.03431372549019608,1.359698970972201,-0.06101918014291087,-0.02517260103948491,12.051075268817204,10.411316604067547
BDX,Becton Dickinson,Healthcare,BBB,3,2025-09-30,0.7554549035053171,4.205546492659054,1.113316492241068,0.07683501991849444,0.0303298689561681,3.869477506556385,10.742921422599295
BSX,Boston Scientific,Healthcare,BBB,3,2024-12-31,0.5120349104271934,6.808785529715762,1.0814189717143303,0.11070639517525527,0.04706180987434953,2.8306246825799897,10.595441104815295
DXCM,DexCom,Healthcare,BBB,3,2024-12-31,1.2305716731665557,31.57894736842105,1.4670532060027286,0.14287131167865114,0.08885804610995451,2.735962778893941,9.811876494589333
ALGN,Align Technology,Healthcare,BBB,3,2024-12-31,0.03096507385153369,100.0,1.2229676054340792,0.10536652553180635,0.06780195024619444,0.14602998538194265,9.793413180703604
HOLX,Hologic,Healthcare,BBB,3,2025-09-27,0.5203748093266507,16.728337236533957,3.7536839950880068,0.1379587855139617,0.06275166668515458,2.5659861287486567,9.954960913566566
TECH,Bio-Techne,Healthcare,BBB,3,2025-06-30,0.23142388399464667,12.017275825596426,3.459217851679566,0.06018193967867436,0.028695773198616974,2.0475296829971183,9.40787812874671
ILMN,Illumina,Healthcare,BBB,3,2024-12-29,1.1049304677623262,-8.33,1.7750484809308338,-0.27973467520585543,-0.19403458670474377,3.998170173833486,9.799547307125614
A,Agilent,Healthcare,BBB,3,2025-10-31,0.4975522919448153,13.205357142857142,1.9573924158500213,0.18753598157743234,0.10238076530211361,1.827792915531335,10.104726044109974
WAT,Waters Corp,Healthcare,BBB,3,2024-12-31,0.9310010844913363,9.214770788496493,2.1134461442619132,0.21560194795339488,0.1400664720304713,1.642600615610255,9.658373475911816
PKI,PerkinElmer,Healthcare,BBB,3,2024-12-29,0.4307130911503176,11.325853339866079,3.59762364109631,0.09814244947234618,0.021818477305346032,9.523601189360358,10.093158156587712
BIO,Bio-Rad Labs,Healthcare,BBB,3,2024-12-31,0.20926126071270912,5.5010224948875255,6.477768277041471,-0.7185661406584843,-0.19694364647964033,3.268426058012363,9.971466042916118
MTD,Mettler-Toledo,Healthcare,BBB,3,2024-12-31,50.0,15.101686966542054,1.0220109177165075,0.22289760691216548,0.26640131679052986,1.7415351298343107,9.510544876165085
DRI,Darden Restaurants,Consumer Discretionary,BBB,3,2025-05-31,2.6953229784104185,7.551552106430155,0.4172191323692992,0.08691115950549405,0.08338762214983714,3.310500584546711,10.099922232196922
WYNN,Wynn Resorts,Consumer Discretionary,BBB,3,2024-12-31,50.0,1.6454307752647406,1.897768415637459,0.07029752267163078,0.03860991127806421,6.111220006198815,10.113206531656704
LVS,Las Vegas Sands,Consumer Discretionary,BBB,3,2024-12-31,4.768377253814147,3.392022008253095,0.7395276676435097,0.12798725438130643,0.06996999903222685,3.3443579766536966,10.31525642505321
CZR,Caesars,Consumer Discretionary,BBB,3,2024-12-31,6.028866971373587,0.9692890197728229,0.7689260563380281,-0.024722098710538015,-0.008530223995090519,7.006429969247973,10.513084360465145
MGM,MGM Resorts,Consumer Discretionary,BBB,3,2024-12-31,10.53544077174621,3.3627146176928457,1.3019128002260356,0.04330245940601066,0.017677699227642826,13.320152028609279,10.625637813215361
HAS,Hasbro,Consumer Discretionary,BBB,3,2024-12-29,2.9462681409813407,4.030373831775701,1.600299721687005,0.09324144601620118,0.06081731148368374,3.873480976717774,9.802109807607621
MAT,Mattel,Consumer Discretionary,BBB,3,2024-12-31,1.186895599845415,5.845403876269217,2.3765769846692657,0.10071797880341575,0.08279493356136626,2.722045971143444,9.815848865312159
POOL,Pool Corp,Consumer Discretionary,BBB,3,2024-12-31,0.9987891304433181,12.282666666666668,2.0482618759372935,0.08177910819395313,0.12894930918263373,1.9193478047639527,9.527395808481392
LEG,Leggett & Platt,Consumer Discretionary,BBB,3,2024-12-31,2.971569480707862,2.5413271245634457,1.997282608695652,-0.11668491650698057,-0.1396930303692375,5.782105560259667,9.563670899419243
WHR,Whirlpool,Consumer Discretionary,BBB,3,2024-12-31,2.734625419306746,2.430167597765363,0.7154171787518776,-0.019450800915331808,-0.019814735292313354,14.58648111332008,10.212214247419942
LEN,Lennar,Consumer Discretionary,BBB,3,2025-11-30,0.18601067596648854,100.0,4.8915174254909,0.060788691960501635,0.0603587749989929,1.4516293081788274,10.5369425349174
DHI,DR Horton,Consumer Discretionary,BBB,3,2025-09-30,0.2493179112375157,100.0,10.0,0.10467614976759396,0.10107354699023433,1.2457861687184995,10.549875881016707
PHM,PulteGroup,Consumer Discretionary,BBB,3,2024-12-31,0.18598578580170672,200.0,10.0,0.17179866216822356,0.17756876778380354,0.5504827225846779,10.239643849471738
NVR,NVR Inc,Consumer Discretionary,BBB,3,2024-12-31,0.24239134152575062,71.53867472915093,5.074515551128229,0.15952166490840722,0.26358425999233975,0.47208308044173375,9.804887927894812
TOL,Toll Brothers,Consumer Discretionary,BBB,3,2025-10-31,0.35260208280762984,100.0,3.4642604564453467,0.12277924772970011,0.09273405140240275,1.5626732469007794,10.16196260839375
KBH,KB Home,Consumer Discretionary,BBB,3,2025-11-30,0.4217434005086913,100.0,6.973212540338216,0.06875790343307654,0.06181928381502815,2.877586414527223,9.84111966619729
MDC,MDC Holdings,Consumer Discretionary,BBB,3,2024-12-31,0.0,100.0,10.0,1.0,0.06906932382236729,0.0,9.670226457866104
TSLA,Tesla,Consumer Discretionary,BBB,3,2024-12-31,0.18683910962379824,20.217142857142857,2.024912390270983,0.07298597604667827,0.05840910952732039,0.9262306227903182,11.086608944572948
F,Ford,Consumer Discretionary,BBB-,3,2024-12-31,3.5878666220586597,4.59419014084507,1.1648433917592342,0.03177975263795191,0.020613893602995835,11.299662826636697,11.455143430050411
DELL,Dell,Technology,BBB-,3,2025-01-31,50.0,4.410891089108911,0.7786661508371483,0.04805005912082622,0.057582825470870014,2.5630672926447575,10.901708908387594
DAL,Delta Airlines,Industrials,BBB-,3,2024-12-31,1.4889818871379061,8.025435073627845,0.3691038620172478,0.056080982431095175,0.04586583877301916,2.8758524880020206,10.877210039451699
WBA,Walgreens,Healthcare,BBB-,3,2024-08-31,3.2330301579703207,-29.203319502074688,0.6802582272845323,-0.058486502593831695,-0.10656860446462726,1.524649302216383,10.908683355013109
KR,Kroger,Consumer Staples,BBB-,3,2025-02-01,3.027398913699457,8.38562091503268,0.9581555834378921,0.0181140950089381,0.050649992397749734,3.282554639445099,10.7211178288512
APA,APA Corp,Energy,BBB-,3,2024-12-31,1.1670454545454545,8.440633245382585,1.1519458544839256,0.08257163397350313,0.04146467251160392,1.4762817441303306,10.287577809078705
DVN,Devon Energy,Energy,BBB-,3,2024-12-31,0.6348647902869757,9.401496259351621,1.0356603203384709,0.18571336802209804,0.09482108301354587,1.238460503296999,10.484143180298343
OXY,Occidental Petroleum,Energy,BBB-,3,2024-12-31,0.7934658508738546,5.078297872340426,0.952631026152715,0.11229196649322853,0.03561355257768155,2.130482628517529,10.931686654114188
MRO,Marathon Oil,Energy,BBB-,3,2023-12-31,0.4844265952699688,6.553935860058309,0.40005099439061703,0.24254721398470422,0.07938697318007663,1.2118776512614422,10.291701770729981
HAL,Halliburton,Energy,BBB-,3,2024-12-31,0.8349514563106796,8.493333333333334,2.0466115702479337,0.10900453277545327,0.09774494860671434,1.84169640982574,10.408019369129766
BKR,Baker Hughes,Energy,BBB-,3,2024-12-31,0.3564960047351287,15.56060606060606,1.324840274035871,0.10704660605842826,0.07765294684982926,1.309632528810611,10.583912561806796
NOV,NOV Inc,Energy,BBB-,3,2024-12-31,0.37421580928481807,10.945054945054945,2.458457605453771,0.07163000564015792,0.055892967168383066,1.8861660079051383,10.055416559840488
CF,CF Industries,Materials,BBB-,3,2024-12-31,0.6511534603811434,14.429752066115702,3.0806845965770173,0.20518867924528303,0.09045002227833061,1.148619957537155,10.129238610131926
MOS,Mosaic,Materials,BBB-,3,2024-12-31,0.3875322232285933,2.7021739130434783,1.07839282717618,0.015724457870320424,0.007629558541266794,2.8326437074288626,10.360290399785711
FMC,FMC Corp,Materials,BBB-,3,2024-12-31,0.7790306406685237,2.7765055131467347,1.6422562268150502,0.08004992816937896,0.029167703568946136,4.740846216436127,10.066448926979822
CTVA,Corteva,Materials,BBB-,3,2024-12-31,0.11362394383958972,8.995708154506438,1.4535913730021182,0.05364324580080435,0.022216778934476423,0.9882998171846435,10.610926193408705
IP,International Paper,Materials,BBB-,3,2024-12-31,0.7161385048329867,1.1069767441860465,1.5086895255988728,0.029915677533702133,0.02442982456140351,3.109989373007439,10.357934847000454
PKG,Packaging Corp,Materials,BBB-,3,2024-12-31,0.629314259763851,26.60144927536232,3.227835463258786,0.09603616714181766,0.09114477199655843,1.6988476155449308,9.946118063779265
WRK,WestRock,Materials,BBB-,3,2023-09-30,0.9680478538196752,-2.824705662492992,1.421535146562589,-0.08119153126538652,-0.060086650123707806,3.5638740778613687,10.438442663202956
SEE,Sealed Air,Materials,BBB-,3,2024-12-31,7.219215372297838,2.5552083333333333,1.1567104860898807,0.04908578422282387,0.03769527634183507,4.566393193558189,9.846467009854333
AVY,Avery Dennison,Materials,BBB-,3,2024-12-28,1.3632314146088311,9.635897435897435,1.0754908125480334,0.08050755507840607,0.08387472930201566,2.2797425327258263,9.924496379034112
BEN,Franklin Resources,Financials,BBB-,3,2025-09-30,1.101185646392555,6.365648050579558,2.7125510366403307,0.05984699054807484,0.016216483411238772,9.409197028652281,10.510119890628806
IVZ,Invesco,Financials,BBB-,3,2024-12-31,0.5183002630512572,14.346551724137932,3.1419797687861273,0.1277072688313829,0.028686840263764907,6.071606726204844,10.431506896899107
TROW,T Rowe Price,Financials,BBB-,3,2024-12-31,0.02693950934714946,100.0,8.005447117566954,0.29605559941355586,0.15588628266033255,0.09349838969404187,10.129432074155574
NTRS,Northern Trust,Financials,BBB-,3,2024-12-31,1.2506255669200212,0.3506169909824395,0.452282177576772,0.1279384716168208,0.013061030786761359,4.736990196368806,11.191753853009919
STT,State Street,Financials,BBB-,3,2024-12-31,1.4527758035220721,0.3749723878948531,0.5083738441263284,0.12228644245210031,0.007606726305061714,9.19825,11.548069876093727
BK,Bank of NY Mellon,Financials,BBB-,3,2024-12-31,1.099859625344886,0.27461845503639354,0.6456653055714913,0.1145298713119106,0.010887748038763268,5.939615736505032,11.619160140023368
CMA,Comerica,Financials,BBB-,3,2024-12-31,1.0198685618217942,0.5077186963979416,0.23331400542226263,0.13979571399959945,0.008802350656393053,6.78150406504065,10.899256757202963
ZION,Zions Bancorp,Financials,BBB-,3,2024-12-31,0.7130960156760288,0.5432098765432098,0.16332245102963336,0.15701982775886242,0.008831315122500703,3.8441901408450705,10.948290680973653
FRC,First Republic Bank,Financials,BBB-,3,2022-12-31,0.8757881462799496,3.411036036036036,0.7956716417910448,0.2884115711068768,0.007830172263789804,4.743557901272896,11.327642921200692
SBNY,Signature Bank,Financials,BBB-,3,2022-12-31,1.533356811551483,1.729456957270077,0.27710358593687534,0.360257144658555,0.012114939908974196,6.907713264759986,11.042826059176901
WAL,Western Alliance,Financials,BBB-,3,2024-12-31,0.9886685552407932,0.515659140568099,0.12279111264605998,0.157031218850923,0.009732621642325846,5.975488870866,10.908131005053354
PACW,PacWest Bancorp,Financials,BBB-,3,2022-12-31,1.04926325094019,3.135906400177626,2.2722680252981595,0.32946916337933524,0.010274652734186495,4.6968960793356365,10.61520212705721
KMI,Kinder Morgan,Energy,BBB-,3,2024-12-31,1.0372735907765878,2.3488745980707395,0.4942168202313272,0.17335633251509322,0.036593051101432635,4.152222367903501,10.853740787579541
WMB,Williams Companies,Energy,BBB-,3,2024-12-31,2.1774686394339016,2.447947214076246,0.500941265060241,0.21184423498048177,0.040801731093669774,4.122240828132136,10.73665142603884
OKE,ONEOK,Energy,BBB-,3,2024-12-31,1.8955740784221649,3.716506291635825,0.8980716253443526,0.1402625011553748,0.04737080335263544,4.896588324488249,10.806647945501597
TRGP,Targa Resources,Energy,BBB-,3,2024-12-31,5.502623051998149,3.8372002085505734,0.7237912122549328,0.07635217629263423,0.05584122529592111,3.446651203247318,10.356677765984697
ET,Energy Transfer,Energy,BBB-,3,2024-12-31,1.7243166287015945,2.92416,1.1221554993678888,0.05823081854580203,0.038395278353804435,3.9333593141075602,11.09822826550294
EPD,Enterprise Products,Energy,BBB-,3,2024-12-31,1.1228595294445218,5.403534609720177,0.9971008763260196,0.10496451377648126,0.07646952104499274,3.365182017315114,10.887437244577807
MPC,Marathon Petroleum,Energy,BBB-,3,2024-12-31,1.620625528317836,3.9047619047619047,1.1738128391030873,0.024808445673464685,0.043686119353775144,2.7125070741369552,10.896845758281481
UAL,United Airlines,Industrials,BB+,4,2024-12-31,2.653491124260355,3.6348074179743226,0.8099425238054387,0.055184620507158756,0.042506377981453236,3.9577547658272536,10.869718560837285
RCL,Royal Caribbean,Consumer Discretionary,BB+,4,2024-12-31,2.7528758429194764,2.5823899371069183,0.1736783131302842,0.17452229299363056,0.0776099271648233,3.4204041399704286,10.569022586029563
NCLH,Norwegian Cruise,Consumer Discretionary,BB+,4,2024-12-31,9.762937593260743,1.9618052442175897,0.17473232812044565,0.09602220588078612,0.04558165322646268,5.580781844386644,10.300373954603026
CCL,Carnival,Consumer Discretionary,BB,4,2025-11-30,2.278817974601107,3.323202372127502,0.3222578673999389,0.10367365336939373,0.053398340008125836,4.050499204167269,10.71338132572049
AAL,American Airlines,Industrials,BB-,4,2024-12-31,50.0,1.6840744570837642,0.5414282774233381,0.015605688882330155,0.013693087095155626,7.487834064619067,10.79086899253476
SAVE,Spirit Airlines,Industrials,BB-,4,2024-12-31,50.0,-5.045222598519357,1.1920219965919976,-0.2502319666887897,-0.12813675785899958,3.3317492367673496,9.982053035736497
ALK,Alaska Air,Industrials,BB,4,2024-12-31,1.462259835315645,4.014084507042254,0.611879576891782,0.03365999147848317,0.01998178874949413,4.486315789473684,10.295962732394022
JBLU,JetBlue Airways,Industrials,BB-,4,2024-12-31,3.461567588034835,-1.9542857142857142,1.097139912393713,-0.08567733591981895,-0.047206222908378365,18.65714285714286,10.226367875856486
HA,Hawaiian Holdings,Industrials,BB-,4,2023-12-31,21.35319884726225,-3.4649907596656346,1.0222969946769733,-0.09590087045389951,-0.06249829055440739,5.00102100271302,9.619929585839403
DISH,Dish Network,Communication,BB-,4,2024-12-31,9.94764674694509,-0.26024235680694036,0.4584940926443357,-0.004647840870466501,-0.0015031279112072498,50.0,10.64536831325996
LUMN,Lumen Technologies,Communication,BB-,4,2024-12-31,41.202586206896555,0.33527696793002915,1.2074745809288265,-0.004195910894110467,-0.0016419871029376642,4.665202537823329,10.524992947883174
PARA,Paramount Global,Communication,BB,4,2024-12-31,0.9527573529411765,-6.126744186046512,1.3022531408991798,-0.21189196590558998,-0.13406393485229143,3.548420223872933,10.664378686986739
WBD,Warner Bros Discovery,Communication,BB+,4,2024-12-31,1.160648705820137,-4.973723351512147,0.8904490828589501,-0.2876579944558887,-0.10817712318286152,3.402084050981743,11.019365574572488
FOX,Fox Corp,Communication,BB+,4,2025-06-30,0.6240595218190937,8.012406947890819,2.9095616154642734,0.13883435582822085,0.09756413020047423,1.9394647960509224,10.365394376854779
FOXA,Fox Corp Class A,Communication,BB+,4,2025-06-30,0.6240595218190937,8.012406947890819,2.9095616154642734,0.13883435582822085,0.09756413020047423,1.9394647960509224,10.365394376854779
LYV,Live Nation,Communication,BB+,4,2024-12-31,47.74095450269244,2.5293735083166142,0.992718532969577,0.03870709600798942,0.045638650198630046,5.120796893252928,10.29311430602634
CHTR,Charter Communications,Communication,BB+,4,2024-12-31,6.143773657535125,2.5329890992541597,0.3138810618419101,0.09227557411273486,0.033882149046793764,4.474070267239768,11.176149161126549
LBRDK,Liberty Broadband,Communication,BB,4,2024-12-31,0.3908914530787297,0.4742268041237113,2.115,0.8553149606299213,0.05207646671061305,12.80267558528428,10.222378265944956
SIRI,Sirius XM,Communication,BB,4,2024-12-31,0.9412136536030341,-3.058467741935484,0.420725009154156,-0.19140131049545925,-0.06049925511427637,7.987891328505192,10.43966421032625
PK,Park Hotels,Real Estate,BB,4,2024-12-31,1.31440329218107,1.427007299270073,2.4455611390284755,0.08156983455175067,0.02314157843030237,6.883620689655173,9.961942883141388
RHP,Ryman Hospitality,Real Estate,BB,4,2024-12-31,6.4000746839593425,2.177661438807427,1.4980976366829921,0.11610937546083545,0.0520621369360812,4.841943881340773,9.717468534072019
HST,Host Hotels,Real Estate,BB,4,2024-12-31,0.8538356786200636,4.069767441860465,0.6521116678596993,0.12262491203377902,0.05341814837522992,3.323321554770318,10.115543948032219
SHO,Sunstone Hotel,Real Estate,BB-,4,2024-12-31,0.4054457657246604,1.6504683103028266,2.486672371715635,0.04776062061648758,0.013925660496761935,3.980950780961981,9.492290789973106
RLJ,RLJ Lodging,Real Estate,BB-,4,2024-12-31,1.0239105332410032,1.4342865326777103,2.0200836786124445,0.049670668302371775,0.0139276587319219,6.507437483134565,9.688764895591586
XRX,Xerox,Technology,BB+,4,2024-12-31,2.781395348837209,1.3361344537815125,1.1206567392134403,-0.2123452821089857,-0.15791990436341902,8.286374133949192,9.922465945298413
LSCC,Lattice Semi,Technology,BB,4,2024-12-28,0.021452122003229563,129.5375939849624,3.6621830519363194,0.1200056536991486,0.07243842005538552,0.1426073459006583,8.926292530765808
WOLF,Wolfspeed,Technology,BB-,4,2025-06-30,50.0,-4.217005076142132,0.35856135401974615,-1.0,-0.2347689075630252,50.0,9.835969444815742
HWM,Howmet Aerospace,Industrials,BB+,4,2024-12-31,0.7621870882740448,9.186813186813186,2.170432537120723,0.15545087483176312,0.10980131191177869,1.8843648208469055,10.02197445511006
TDG,TransDigm,Industrials,BB,4,2025-09-30,50.0,2.649491094147583,3.213565536205316,0.23485448986524743,0.09053210528613209,6.573992994746059,10.360006132229099
SPR,Spirit AeroSystems,Industrials,BB,4,2024-12-31,50.0,-5.052616690240453,1.0541290575769469,-0.3387581926986037,-0.31640740521677413,5.676049351444343,9.830126543985932
TXT,Textron,Industrials,BB+,4,2024-12-28,0.4980566352026652,8.814432989690722,1.7639963586709149,0.060137206247263174,0.048936928376291725,2.523206751054852,10.226290505183416
OSK,Oshkosh,Industrials,BB+,4,2024-12-31,0.2316418198020279,8.457740585774058,1.5155826331469888,0.06350301019552292,0.07231165964491515,0.786684115818747,9.974193799970735
BWA,BorgWarner,Consumer Discretionary,BB+,4,2024-12-31,0.7850686912509038,14.988095238095237,1.7885353812397147,0.024000568060782504,0.024154934610162222,3.2926459438968916,10.145910834132374
APTV,Aptiv,Consumer Discretionary,BB+,4,2024-12-31,1.0104592996816735,6.118694362017804,1.525238744884038,0.09065083954750672,0.07617870236166766,2.574739281575898,10.370290981948727
LEA,Lear Corp,Consumer Discretionary,BB+,4,2024-12-31,0.7856099916885684,9.103082851637765,1.3189094914631907,0.021740716422265997,0.03611477454999109,2.3996843694250036,10.146980277375494
MGA,Magna International,Consumer Discretionary,BB+,4,2024-12-31,0.6134351675056414,6.84789644012945,1.0844010911796313,0.02355495377719675,0.03250749057637166,1.8703360677427892,10.491907720914831
VC,Visteon,Consumer Discretionary,BB,4,2024-12-31,0.34662327095199347,8.866666666666667,1.74235807860262,0.07087428867046043,0.0957372466806429,1.0415647921760391,9.456669629423757
ALV,Autoliv,Consumer Discretionary,BB,4,2024-12-31,0.9086115992970123,9.064814814814815,0.9587118084227911,0.06217516843118383,0.08277806253203486,1.5094890510948906,9.89231726072248
MOD,Modine Manufacturing,Consumer Discretionary,BB,4,2025-03-31,0.4937376400791035,10.738636363636363,1.776709796672828,0.07122121153473969,0.09595327492699207,1.254956716001117,9.282758021025597
GT,Goodyear,Consumer Discretionary,BB,4,2024-12-31,1.8473507148864592,1.5753424657534247,1.0402071691427013,0.0037080199173641277,0.0033390574317878267,5.090382387022016,10.321474151030555
CTB,Cooper Tire,Consumer Discretionary,BB-,4,2020-12-31,0.24605573125023483,10.714096974501254,2.441275400780732,0.056638162941666924,0.04805165479697117,0.9346747741973707,9.472986403652872
GPS,Gap Inc,Consumer Discretionary,BB,4,2025-02-01,1.677389705882353,12.781609195402298,1.597972972972973,0.055945910115338726,0.07101388304585612,3.175754060324826,10.074999186064199
KSS,Kohls,Consumer Discretionary,BB-,4,2025-02-01,1.8829563387690689,1.5956112852664577,1.082082401788566,0.006719684359780532,0.008038940924846964,6.087585034013605,10.132227660733367
M,Macys,Consumer Discretionary,BB,4,2025-02-01,1.2535149384885764,7.904347826086957,1.4321396993810787,0.02529774841345736,0.03548347762467992,3.243888573052871,10.214896807560221
JWN,Nordstrom,Consumer Discretionary,BB,4,2025-02-01,3.757017543859649,3.6666666666666665,1.1946243523316062,0.019579115610015983,0.03279054204773589,3.249620637329287,9.952598734529774
DDS,Dillards,Consumer Discretionary,BB,4,2025-02-01,0.309172345448067,18.56252194412399,2.836331275616656,0.0900538994763613,0.16807332881343645,0.5851066856180137,9.547904359229111
URBN,Urban Outfitters,Consumer Discretionary,BB,4,2025-01-31,0.44440874868096514,78.0629428241885,1.387770887039721,0.07250697483869503,0.08905051023569083,1.7667976051448848,9.65508846885519
ANF,Abercrombie & Fitch,Consumer Discretionary,BB,4,2025-02-01,0.712483565783287,60.61728906185311,1.4849282661782661,0.11442114688495929,0.17158860288246233,1.0179715087402508,9.51849906832737
RL,Ralph Lauren,Consumer Discretionary,BB+,4,2025-03-29,1.0307514004249565,21.13605442176871,1.7762103388480106,0.1049442011583557,0.10541625870900913,2.197052042160738,9.848022759587431
PVH,PVH Corp,Consumer Discretionary,BB+,4,2025-01-31,0.659682910222741,8.142538975501113,1.2720110876066817,0.06916756232014701,0.054245368524090926,3.126302203374205,10.042701490752659
TPR,Tapestry,Consumer Discretionary,BB+,4,2025-06-28,4.545581720680811,4.859484777517564,1.866272721433618,0.026131484730483403,0.02783982980016716,7.407294832826747,9.818258893460627
CPRI,Capri Holdings,Consumer Discretionary,BB,4,2025-03-29,8.432065217391305,-20.324324324324323,1.1384730538922156,-0.2660963529941468,-0.22674084020717436,12.66530612244898,9.717087724927019
VFC,VF Corp,Consumer Discretionary,BB+,4,2025-03-29,3.607782653683475,1.7444583543896723,1.4033744610992518,-0.019960249102259086,-0.020230900739810542,7.360730192740047,9.972088740065772
HBI,Hanesbrands,Consumer Discretionary,BB,4,2024-12-28,50.0,0.9491937254021163,1.3739055216492864,-0.09135756640602058,-0.0834251294149012,11.066064659397473,9.584437636097427
SKX,Skechers,Consumer Discretionary,BB+,4,2024-12-31,0.45101710214787416,41.29027397260274,1.9718389317185498,0.07129512492040951,0.07562550867704587,1.7289936150914715,9.927152545164017
CROX,Crocs,Consumer Discretionary,BB,4,2024-12-31,0.9267670880063102,9.35267791770391,1.1784106629487927,0.23160555499757685,0.19743158623593224,1.5612674809051024,9.68233942706336
FL,Foot Locker,Consumer Discretionary,BB,4,2025-02-01,0.9570299071845996,12.875,1.6984962406015038,0.0015022533800701052,0.0017783046828689982,10.666666666666666,9.829175073917087
DKS,Dicks Sporting,Consumer Discretionary,BB+,4,2025-01-31,1.403186228528977,27.81686073942665,1.7589603715769357,0.0866860886408826,0.11142003007258841,2.2752453953982625,10.019477456614913
ULTA,Ulta Beauty,Consumer Discretionary,BB+,4,2025-01-31,0.7728943602455118,100.0,1.7020766764185902,0.10633452476501139,0.20012986335688945,1.041213616096081,9.77827377652437
FIVE,Five Below,Consumer Discretionary,BB,4,2025-01-31,1.0958012571841265,100.0,1.7864780115329397,0.0654222194247583,0.058441450704608336,4.03360922029703,9.637447098514851
OLLI,Ollies Bargain,Consumer Discretionary,BB,4,2025-01-31,0.3331956987217677,100.0,3.2653865236691737,0.08793483308792295,0.07799714580783204,1.9248554322380147,9.408434166878127
BIG,Big Lots,Consumer Discretionary,BB-,4,2024-02-03,8.001585265118894,-8.358729165735735,1.30685700326948,-0.10204699223798569,-0.14491164580494625,3.2138405682162388,9.521832007762335
GME,GameStop,Consumer Discretionary,B,5,2025-01-31,0.08330966773499938,0.1,8.047790802524798,0.0343447554276746,0.022347414644109338,18.334821428571427,9.769037438923217
BBBY,Bed Bath Beyond,Consumer Discretionary,B-,5,2024-12-31,0.20072880564363493,-50.0,1.0117672695576378,-0.18552091666881726,-0.5,0.1561091660190992,8.604176354852509
PRTY,Party City,Consumer Discretionary,B,5,2021-12-31,10.35487341925188,0.9899800518194116,1.2252819445004814,-0.003031698801507098,-0.00242708064456654,3.643054320872128,9.433273671091449
EXPR,Express Inc,Consumer Discretionary,B-,5,2023-01-28,2.3326603136206834,-2.2430677249768065,0.9867316604811758,0.15762087607325895,0.21013283750201134,2.5657509120175317,9.14560812226999
TLRY,Tilray,Healthcare,B,5,2025-05-31,0.2174929899791956,-50.0,2.456720050571957,-1.0,-0.5,2.6683826244317,9.463066378584232
CGC,Canopy Growth,Healthcare,B-,5,2025-03-31,0.7150814941309037,-1.580024278392231,3.1203550697004365,-1.0,-0.5,8.634534718737028,8.96270120494641
ACB,Aurora Cannabis,Healthcare,B-,5,2025-03-31,0.18439412274494657,0.5876484560570071,4.314586548623534,0.004634525026726441,0.0018766967599061636,2.025005608677871,8.928276075452871
CRON,Cronos Group,Healthcare,B-,5,2024-12-31,0.0018965042483386793,0.1,10.0,0.3492751774858649,0.035222136100803214,0.11438450311043093,9.066814744036167
SNDL,Sundial Growers,Healthcare,B-,5,2024-12-31,0.13435584229491881,-13.487202806288165,5.09999227006195,-0.10298897927965513,-0.0702587082228392,1.102890476521578,9.130089851702117
RIG,Transocean,Energy,B,5,2024-12-31,0.7046868922598211,-1.1519337016574585,1.4744437763078773,-0.1452894438138479,-0.026431263228537505,6.368189806678383,10.287152041125502
VAL,Valaris,Energy,B,5,2024-12-31,0.5215992852356489,4.154481132075472,1.5874908020603384,0.15804622026580886,0.084483460790081,2.3936039360393604,9.645402617570456
NE,Noble Corp,Energy,B,5,2024-12-31,0.44798109617219467,6.410960503550541,1.4769461122418812,0.14662514250357608,0.05629203512268029,2.0525931089442073,9.901173130069703
HP,Helmerich & Payne,Energy,B+,5,2025-09-30,0.7574686485931026,2.1549792223211637,1.7984907392407798,-0.04369846020288771,-0.024411183377579023,3.132977623789429,9.826446581097413
NBR,Nabors Industries,Energy,B,5,2024-12-31,18.77188953746778,1.1757673192199711,1.7476959069235571,-0.06009434406575007,-0.03909241411708498,3.1161218446888466,9.653627404550036
PTEN,Patterson-UTI,Energy,B+,5,2024-12-31,0.3748647868053273,-12.363811958923336,1.5383916493367522,-0.18000130533956402,-0.1659443973788482,4.528617240057165,9.765926670951677
SM,SM Energy,Energy,B+,5,2024-12-31,0.6707320325389751,7.647537662005275,0.5502867270080385,0.2883604707097895,0.08981283711455071,1.4831871837143242,9.93331753563356
AR,Antero Resources,Energy,B+,5,2024-12-31,0.574432077930401,0.003891478508040979,0.3510177208116316,0.013894206781516961,0.0043985995441985235,4.692548159144478,10.114278965637864
RRC,Range Resources,Energy,B+,5,2024-12-31,0.4625137521506192,2.982064366190067,0.5662648049165273,0.11348597169540389,0.03624820096152865,2.502006955981636,9.866149938484597
SWN,Southwestern Energy,Energy,B+,5,2023-12-31,0.6959918478260869,-6.859154929577465,0.8183921341816078,0.23873045078196872,0.12984738553915437,1.4907238995998544,10.078855402979768
CNX,CNX Resources,Energy,B+,5,2024-12-31,0.5593587650651655,4.336175412035008,0.33016414004193917,-0.06723919123350859,-0.010631465137701874,4.682859314160106,9.930026665843268
EQT,EQT Corp,Energy,B+,5,2024-12-31,0.4547152225489265,1.5067245643928984,0.6965853614939211,0.044153298078661224,0.005788991308240432,3.250557287178421,10.600213086844638
CTRA,Coterra Energy,Energy,B+,5,2024-12-31,0.2897424173144338,13.10377358490566,2.9234154929577465,0.20527375938472808,0.051838150289017344,1.1535194174757282,10.334956116136851
GPRO,GoPro,Technology,B,5,2024-12-31,0.8056681763344739,-40.562631420847104,0.9522212273379235,-0.5393955878738274,-0.5,1.0165532712892387,8.735341759575352
SONO,Sonos,Technology,B,5,2025-09-27,0.15001196424801183,-50.0,1.4302435785387557,-0.042364731347296014,-0.07426895896647305,4.336235657905444,8.91554651015674
IRBT,iRobot,Technology,B,5,2024-12-28,3.7084047747350546,-4.664703217036702,1.3219240849691172,-0.21341675356273895,-0.28193677260107297,2.220423192427258,8.712764993190968
HEAR,Turtle Beach,Technology,B-,5,2024-12-31,0.8722015853537196,4.068914229053049,1.5231499450158483,0.043413294130902495,0.05414891872810437,3.4911221001626234,8.475469245283916
KOSS,Koss Corp,Technology,B-,5,2025-06-30,0.08303597170013037,0.1,10.0,-0.06929810038996623,-0.02352669621993336,1.3422580124739554,7.570363219196228
VUZI,Vuzix,Technology,B-,5,2024-12-31,0.013252787353975554,0.1,10.0,-1.0,-0.5,0.5725735689541759,7.595554175328861
BBAI,BigBear.ai,Technology,B-,5,2024-12-31,50.0,-5.202167894880493,0.46193451119892004,-1.0,-0.5,6.16842353615275,8.536275554051471
PLTR,Palantir,Technology,B+,5,2024-12-31,0.047812482823750446,100.0,5.958013810995384,0.16129431894600152,0.0728904676382662,0.6994912131933683,9.802149808285415
SNOW,Snowflake,Technology,B+,5,2025-01-31,0.8951111842980284,-50.0,1.7483762639029705,-0.35452278239883345,-0.14231224522461855,4.936526512824303,9.95587710566856
DDOG,Datadog,Technology,B+,5,2024-12-31,0.6786785702575522,7.680249009620827,2.6365387475150492,0.06845274794870124,0.03176062802888474,5.793237480659648,9.762328812123695
ZS,Zscaler,Technology,B+,5,2025-07-31,0.9985010612619653,-13.490863264020163,2.0144335862819194,-0.015516728610628423,-0.006460860376380398,15.982065971604454,9.807527451525822
CRWD,CrowdStrike,Technology,B+,5,2025-01-31,0.24055570767929443,-4.57717304549428,1.6660559656751563,-0.004874262195899256,-0.0022146557785266076,2.6760458750139926,9.939598017509288
OKTA,Okta,Technology,B,5,2025-01-31,0.14863387978142076,-14.8,1.3539437177962743,0.010727969348659003,0.0029670446116350536,6.848920863309353,9.97483395504854
MDB,MongoDB,Technology,B,5,2025-01-31,0.013119001201916164,-26.700939199209095,5.2021167749431925,-0.06432876488392643,-0.037627106489154134,0.1212759761096295,9.535331217083167
NET,Cloudflare,Technology,B,5,2024-12-31,1.398596445616091,-29.784642032332563,2.8589246699443334,-0.047196198430067574,-0.023870382610729192,23.582332747755732,9.518666837259646
DOCN,DigitalOcean,Technology,B,5,2024-12-31,50.0,9.986502798200373,2.4517118870358217,0.1082377356315213,0.051550473912685364,7.156562415563362,9.214582928181493
ESTC,Elastic NV,Technology,B,5,2025-04-30,0.6417085654753816,-2.1702295807484093,1.9151951488510854,-0.07288767717299852,-0.04169692612731998,50.0,9.413777895443271
CFLT,Confluent,Technology,B,5,2024-12-31,1.1547554893438172,-50.0,3.9903860187425964,-0.35808422629980846,-0.12804318955245647,7.679068921169203,9.430544427093395
PD,PagerDuty,Technology,B,5,2025-01-31,3.571278922882583,-6.456254050550875,1.8743546123881916,-0.09141196023948714,-0.04608709906326772,6.611807369284925,8.967204335828376
SUMO,Sumo Logic,Technology,B-,5,2023-01-31,0.004433366212577644,-50.0,1.9970335937858377,-0.41512565354477365,-0.21553346756507535,0.036873450672059105,8.762752065036182
NEWR,New Relic,Technology,B,5,2023-03-31,1.613688369292229,-37.47582439813878,1.160282359035479,-0.19319573996408917,-0.12602254532744,3.956644836395405,9.15198484390431
DT,Dynatrace,Technology,B,5,2025-03-31,0.028751905653553327,100.0,1.3983063608839879,0.2847405902101805,0.11684097168910239,0.33121206660894714,9.616966561347521
SPLK,Splunk,Technology,B+,5,2024-01-31,4.4039054345815405,8.390165862839666,1.5665047105157601,0.06256151266903011,0.03943770901384643,5.979368289056613,9.825254443391346
AMC,AMC Entertainment,Communication,CCC+,6,2024-12-31,50.0,-0.1787243633085418,0.5428702430077946,-0.07603726386612611,-0.04275234919672628,20.055488248122124,9.916322324217381
CNK,Cinemark,Communication,CCC+,6,2024-12-31,5.814434724091521,2.164457831325301,1.0129515487243506,0.1015576323987539,0.061120978882968226,5.607820866461139,9.704750904290671
IMAX,IMAX Corp,Communication,CCC+,6,2024-12-31,0.9287131093346156,5.425779317169718,2.27471958241189,0.07398753009585245,0.031381337623645526,2.499150828952689,8.919286294514487
LGF-A,Lions Gate,Communication,CCC,6,2025-03-31,0.9132306889352818,-4.7214912280701755,0.27389558232931727,-0.1542056074766355,-0.09718387631143015,3.4068341121495327,9.337099696361683
WWE,World Wrestling,Communication,CCC+,6,2022-12-31,1.215583913379737,13.36320754716981,1.4501734104046242,0.15145180023228805,0.14429035113602834,1.6531685511438339,9.132131560165341
EDR,Endeavor Group,Communication,CCC,6,2024-12-31,1.5204747999204813,-0.3749705732334131,0.805581352349656,-0.11002896646342235,-0.03804486354421046,16.209995697462567,10.31314058207587
HTZ,Hertz,Industrials,CCC,6,2024-12-31,50.0,-0.5848074921956296,0.7389380530973452,-0.31627804177257157,-0.13127236033391432,9.971830985915492,10.338496335307482
CAR,Avis Budget,Industrials,CCC+,6,2024-12-31,50.0,4.187150837988827,0.7477941176470588,-0.15446602765289677,-0.06079524588522018,9.738593866866118,10.47644032649819
R,Ryder System,Industrials,CCC+,6,2024-12-31,2.8504972730189286,2.577720207253886,0.7529807398349129,0.03869895536562203,0.029330614203454893,3.180028632784538,10.22198770161943
URI,United Rentals,Industrials,CCC+,6,2024-12-31,1.715263279981443,5.88712011577424,0.9777309659945832,0.16780710329097426,0.09143202073642723,2.1181609853910053,10.44967891517355
SNDR,Schneider National,Industrials,CCC,6,2024-12-31,0.20449295255950986,9.951807228915662,1.5831085876508162,0.02211511199319535,0.023714453655471552,1.0485836909871245,9.693172738119735
KNX,Knight-Swift,Industrials,CCC,6,2024-12-31,0.39644409658956076,1.422007735542598,0.8488297355618951,0.015873787023564394,0.008996490461621393,2.743906962706221,10.1164302047761
WERN,Werner Enterprises,Industrials,CCC,6,2024-12-31,0.4819991593013959,1.6869325716617363,1.522908005363332,0.011297057874280012,0.011215708347680734,1.885944332019167,9.484618252676041
JBHT,JB Hunt,Industrials,CCC+,6,2024-12-31,0.4458337952001554,10.519172361427486,1.0553878334247098,0.04723060850135399,0.0669498040066494,1.118852118271376,9.93080008284291
XPO,XPO Logistics,Industrials,CCC+,6,2024-12-31,2.573125,2.9596412556053813,1.0598591549295775,0.04794350842418236,0.050181535269709546,3.4713322091062393,9.887167020894774
CHRW,CH Robinson,Industrials,CCC,6,2024-12-31,1.0110803919279976,7.440108075652957,1.2773046387411404,0.02627312586840836,0.08790043500041336,2.2721254441792453,9.724105887895506
EXPD,Expeditors Intl,Industrials,CCC,6,2024-12-31,0.2559306922319807,100.0,1.7710248331335565,0.07641826835771658,0.17038177642961616,0.5160833553305341,9.677101015274364
RVLV,Revolve Group,Consumer Discretionary,CCC,6,2024-12-31,0.09295325294165975,100.0,2.861277836988837,0.04385920661007814,0.07446055650464956,0.7198579053409211,8.823178730163669
FTCH,Farfetch,Consumer Discretionary,CCC-,6,2022-12-31,1.480783572614252,-10.53170725643034,1.8002713851743957,0.15508702108189307,0.097740808005406,3.1883068298887487,9.565365578570088
REAL,RealReal,Consumer Discretionary,CCC-,6,2024-12-31,50.0,-2.6419285447063223,0.9356311023178755,-0.22348971829390957,-0.3171911745589052,6.067938529586134,8.626437893009763
POSH,Poshmark,Consumer Discretionary,CCC,6,2021-12-31,0.0,-50.0,3.148311830762432,-0.30161437260934515,-0.1615465118380477,0.0,8.784384037400976
ETSY,Etsy,Consumer Discretionary,CCC+,6,2024-12-31,50.0,27.539330725771404,1.9961886175732544,0.10799328569414157,0.1254376945481437,4.482663262336785,9.383417140004827
W,Wayfair,Consumer Discretionary,CCC+,6,2024-12-31,50.0,-15.89655172413793,0.7919831223628692,-0.04151548392540714,-0.1422376409366869,2.3744831659775545,9.538950562014362
PTON,Peloton,Consumer Discretionary,CCC,6,2025-06-30,50.0,-0.26914498141263943,1.7882821246423684,-0.04773566725550024,-0.055945043052745495,18.20073664825046,9.327420242220972
BIRD,Allbirds,Consumer Discretionary,CCC-,6,2024-12-31,0.5278556325908442,0.1,2.942549978588654,-0.49177632445706876,-0.4940623362046601,1.8857451020691376,8.2761836747503
SFIX,Stitch Fix,Consumer Discretionary,CCC,6,2025-08-02,0.4606952477608411,0.1,1.8129148947518996,-0.022679654127185676,-0.059795431753020045,0.4919672772393518,8.681803646326236
RENT,Rent the Runway,Consumer Discretionary,CCC-,6,2025-01-31,50.0,-1.9545454545454546,1.981012658227848,-0.22828216851730895,-0.13716640502354788,4.958333333333333,8.707229419327295
CHWY,Chewy,Consumer Discretionary,CCC+,6,2025-01-31,1.9215402797379322,20.399891284653016,0.7533188352140255,0.033110775473418466,0.13028179876975723,1.8486435171045998,9.47921917803335
CVNA,Carvana,Consumer Discretionary,CCC,6,2024-12-31,4.798412698412698,1.5391705069124424,3.6390134529147984,0.015358736195421633,0.024752475247524754,4.458702064896755,9.928600659844525
VRM,Vroom,Consumer Discretionary,CCC-,6,2024-12-31,50.0,-1.9452643205596294,2.425942481503195,-1.0,-0.1547994930139421,50.0,9.028040666534281
OPEN,Opendoor,Real Estate,CCC,6,2024-12-31,3.249649368863955,-2.406015037593985,5.665406427221172,-0.07607219095672424,-0.1253998720409469,2.9976065722233005,9.494988973683169
RDFN,Redfin,Real Estate,CCC,6,2024-12-31,50.0,-5.588732901367891,1.1289229409164578,-0.15800989281663388,-0.16277333259585344,6.35932906287343,9.005376587383711
COMP,Compass Inc,Real Estate,CCC,6,2024-12-31,1.2154372252076209,-24.1875,0.9343148357870895,-0.027428896271162354,-0.13106960950764007,0.5893186003683242,9.071145290451083
BYON,Beyond Inc,Consumer Discretionary,D,7,2024-12-31,0.20072880564363493,-50.0,1.0117672695576378,-0.18552091666881726,-0.5,0.1561091660190992,8.604176354852509
